geo_key,name,bndry_chg,acres,hu_10,pc_own_10,tot_pop_10,pc_un5_10,pc_un18_10,pc_ov64_10,pc_wht_10,pc_afrm_10,pc_asn_10,pc_othm_10,pc_hisp_10,hh_10,fam_10,pc_fmwc_10,pc_fhwc_10,du_cty,asst_unts,du_cmps,yrblt_mdn,foreclsr,prd_viol,avg_huval,sqft_val,crm_pers,crm_prop,crm_scty,crash,pc_vterm,pc_appr,pc_krdy,pc_nhsg,pc_clgg,pc_hmbl,pc_frlu,medhhinc,fam_pov,pc_unem,gds_svcs,pc_trst,trst_trps,pc_ownvh,avg_stcnd
359,Madison West Neighborhood Association,N/A,2706.8,5747,49.4,11657,7.6,21,5.1,72.7,5.8,12.4,2.6,6.4,5352,2643,24.7,4.4,7103,172,0,2002,9,72,309356,130,25,340,271,91,suppressed,suppressed,suppressed,suppressed,suppressed,suppressed,suppressed,N/A,N/A,N/A,"P,B,G,C",21.5,889,N/A,7.4
1,City of Madison,No,51212.4,108641,49.3,232830,5.8,17.5,9.6,75.7,7.1,7.3,3.1,6.9,102329,47758,20.8,5.3,121045,6416,6648,1976,191,2574,252399,135,1122,8927,9443,10457,98.2,91,82.8,6.2,53,5.9,48,54896,4383,5.3,"H,P,B,G,C",63.2,13201,87.9,6.6
95,Mendota Hills Neighborhood Association,No,54.7,156,94.6,364,6.1,17.7,16.6,82.6,4.2,2.5,2.8,8,154,106,21.8,1.8,151,0,0,1959,0,13,180593,99,0,4,3,0,suppressed,suppressed,suppressed,suppressed,suppressed,suppressed,suppressed,N/A,N/A,N/A,"B,G",100,258,N/A,6.2
175,Greystone,No,36.3,112,91.4,283,10.8,32.1,5,80.8,0,10.3,3.8,5,105,77,47.7,8.8,130,0,0,2005,0,0,330400,126,0,0,0,0,suppressed,suppressed,suppressed,suppressed,suppressed,suppressed,suppressed,N/A,N/A,N/A,None,0,0,N/A,6.8
99,Mayfair Park Neighborhood Association,No,355.4,252,53.8,593,7.8,22.3,9.4,64.9,8.1,4.1,3.9,19,245,135,24.9,7.3,334,6,0,1964,0,8,146794,107,11,152,127,76,suppressed,suppressed,suppressed,suppressed,suppressed,suppressed,suppressed,N/A,N/A,N/A,"P,B,G,C",65.1,1430,N/A,6.3
137,South Campus Property Owners Association,No,113.2,1528,0,4194,0,0.1,0.3,80.5,2.6,11.9,2.3,2.7,1448,28,0.1,0.1,1984,109,182,1989,0,4,N/A,N/A,21,131,90,47,suppressed,suppressed,suppressed,suppressed,suppressed,suppressed,suppressed,18986,48,8.2,"H,P,B,G,C",100,6201,44.8,7.6
177,Summit Woods Neighborhood Association,No,108.2,422,53.2,721,6.8,14.2,12.7,85.1,5.8,2.9,2.2,4,377,175,16.6,4,416,6,0,1966,0,10,224606,127,0,25,8,8,suppressed,suppressed,suppressed,suppressed,suppressed,suppressed,suppressed,N/A,N/A,N/A,"G,C",92.1,437,N/A,6.3
89,Whitetail Ridge,No,62.8,183,94.5,507,7.1,25.4,2.7,76.2,3.9,6.7,2.9,10.2,181,130,34.3,4.4,191,0,0,1995,0,6,186505,123,1,6,3,0,suppressed,suppressed,suppressed,suppressed,suppressed,suppressed,suppressed,N/A,N/A,N/A,None,64.1,246,N/A,7.6
134,Sauk Creek Neighborhood Association,No,175.9,443,67.7,1029,5.6,23.2,11.6,79.5,3.5,11.7,2,3.3,430,279,29.6,3.3,459,0,0,1992,1,2,374295,120,1,22,2,12,suppressed,suppressed,suppressed,suppressed,suppressed,suppressed,suppressed,N/A,N/A,N/A,"P,B",100,352,N/A,7.3
351,Rocky Bluff Neighborhood Association,No,88.8,585,26.4,1038,3.6,9.6,5.6,76.8,2.4,12.1,4.2,4.5,564,167,11.1,3.5,540,6,47,1957,0,4,252928,173,2,20,12,27,suppressed,suppressed,suppressed,suppressed,suppressed,suppressed,suppressed,N/A,N/A,N/A,"B,G,C",100,2547,N/A,5.9
354,Cardinal Glenn Neighborhood Association,No,355,83,88,162,9.2,22.8,1.7,77.2,3.7,10.5,3.1,5.5,65,50,35.9,6.9,479,0,0,2015,1,0,238000,138,0,0,0,3,suppressed,suppressed,suppressed,suppressed,suppressed,suppressed,suppressed,N/A,N/A,N/A,C,0,0,N/A,7.9
151,Bram's Addition Neighborhood Association,No,105.2,505,21.1,1282,8.4,30.9,8.5,24.4,34.7,12.2,3.8,24.9,481,233,31,13,498,157,0,1965,0,41,108870,88,12,76,136,37,suppressed,suppressed,suppressed,suppressed,suppressed,suppressed,suppressed,N/A,N/A,N/A,"P,B,G,C",98.8,1632,N/A,6.7
352,Woodland Hills Neighborhood Association,No,94.5,363,71.1,682,4.8,14.8,11.9,81.8,2.1,7.4,2.6,6.1,351,172,19.2,5.6,375,1,0,1985,3,4,318451,131,0,7,3,2,suppressed,suppressed,suppressed,suppressed,suppressed,suppressed,suppressed,N/A,N/A,N/A,C,93.4,352,N/A,6
132,East Buckeye Neighborhood Association,No,352.8,766,90.3,2043,5.8,23,5.8,85.2,4.7,2.9,2,5.1,747,600,32.9,4.8,786,8,0,1986,1,16,206063,114,6,23,13,10,suppressed,suppressed,suppressed,suppressed,suppressed,suppressed,suppressed,N/A,N/A,N/A,C,97.9,241,N/A,6.6
172,Oakwood Village Association,No,29.8,100,25.7,119,0,0,97.9,98.3,0.2,0.8,0.5,0.3,86,16,0,0,626,30,0,1975,0,0,N/A,N/A,0,2,0,5,suppressed,suppressed,suppressed,suppressed,suppressed,suppressed,suppressed,N/A,N/A,N/A,"P,B,C",100,516,N/A,7.9
102,Sheridan Triangle Neighborhood Association,No,36.7,192,83.4,340,4.2,14.5,17.3,91.9,3.3,0.8,2.3,1.6,180,83,17,1.9,179,0,0,1947,0,2,156183,123,0,7,4,1,suppressed,suppressed,suppressed,suppressed,suppressed,suppressed,suppressed,N/A,N/A,N/A,"B,G,C",99.2,258,N/A,4.8
130,Wisconsin Co-op Housing Association,No,74,156,96.5,355,1.9,21.2,16.2,91.9,0.4,2.9,3.3,1.4,152,104,28.3,5,177,1,0,1950,1,1,244026,146,0,5,1,0,suppressed,suppressed,suppressed,suppressed,suppressed,suppressed,suppressed,N/A,N/A,N/A,"G,C",100,628,N/A,5.9
86,Westchester Gardens Neighborhood Association,No,522.3,522,61.2,1302,7.2,24.8,4.2,65.7,8.3,3.9,2.6,19.6,501,315,31,8.9,534,9,0,1986,2,13,180596,113,19,84,65,43,suppressed,suppressed,suppressed,suppressed,suppressed,suppressed,suppressed,N/A,N/A,N/A,"P,B,G,C",65.2,1022,N/A,7
357,Secret Places Neighborhood Association,No,147.6,174,78.8,473,15,33.5,2.3,84.1,2.3,5.6,3.6,4.4,165,138,55.4,6.9,365,0,0,2011,3,1,317450,162,0,0,3,0,suppressed,suppressed,suppressed,suppressed,suppressed,suppressed,suppressed,N/A,N/A,N/A,None,0,0,N/A,8.3
361,Truax Neighborhood Association,N/A,21.5,80,0,191,12.8,43.3,2.7,19.5,38.5,21.1,10.2,10.7,72,55,55.3,42.6,196,175,0,2014,0,0,N/A,N/A,7,7,20,4,suppressed,suppressed,suppressed,suppressed,suppressed,suppressed,suppressed,N/A,N/A,N/A,"P,B,C",100,766,N/A,4.8
358,Liberty Place Neighborhood Association,N/A,74,153,88.5,432,14.5,30.7,0.7,65.7,10.8,11.2,4.6,7.7,147,115,45,6.6,198,0,0,2005,1,0,220197,124,0,2,0,0,suppressed,suppressed,suppressed,suppressed,suppressed,suppressed,suppressed,N/A,N/A,N/A,C,100,93,N/A,8
84,Cherokee Park Neighborhood Association,No,146.1,280,98.9,648,3.1,17.6,18,93.6,1.9,1.9,0.6,2,269,216,23,2.3,274,0,0,1977,1,4,289616,104,0,6,0,0,suppressed,suppressed,suppressed,suppressed,suppressed,suppressed,suppressed,N/A,N/A,N/A,None,96.5,20,N/A,7
161,Arbor Hills Neighborhood Association,No,209.4,469,77.7,1101,4.8,20.2,18.3,75.8,12,2.7,4.1,5.3,447,315,24.7,6.1,471,7,0,1970,2,24,266449,99,1,12,17,7,suppressed,suppressed,suppressed,suppressed,suppressed,suppressed,suppressed,N/A,N/A,N/A,"B,C",100,471,N/A,6.2
129,Sunset Village Neighborhood Association,No,265.8,931,79.2,1842,6.1,17.7,13,87.4,2,4.4,2.7,3.5,899,470,20.3,3.4,941,4,0,1948,1,16,270689,171,0,25,6,19,suppressed,suppressed,suppressed,suppressed,suppressed,suppressed,suppressed,N/A,N/A,N/A,"P,B,G,C",98.9,3176,N/A,5.5
94,Berkley Oaks Neighborhood Association,No,128.1,655,31.3,1399,8.6,27.1,10.6,48.8,21.1,15.9,4.9,9.4,626,297,24.8,12.8,722,255,0,1964,0,50,140052,102,16,80,104,48,suppressed,suppressed,suppressed,suppressed,suppressed,suppressed,suppressed,N/A,N/A,N/A,"P,B,C",100,504,N/A,6.6
93,Nobel Park Neighborhood Association,No,63.9,167,82.3,353,6.3,20.7,9.4,72.2,7.4,1.4,5.1,13.9,158,87,22.2,4.4,168,6,0,1955,1,9,140472,116,0,16,33,11,suppressed,suppressed,suppressed,suppressed,suppressed,suppressed,suppressed,N/A,N/A,N/A,"B,G,C",100,484,N/A,7.6
171,Allied Dunn's Marsh Neighborhood Association,No,218.2,1032,27.6,2356,11.6,34.6,4.1,32.1,33.7,5.1,4.9,24.2,891,525,39.6,21.4,1038,353,0,1964,3,86,138197,115,19,107,260,53,suppressed,suppressed,suppressed,suppressed,suppressed,suppressed,suppressed,N/A,N/A,N/A,"B,G,C",100,735,N/A,6.6
166,Glacier Ridge Neighborhood Association,No,195.4,576,86.3,1385,11.1,27.9,2.7,83.3,2.8,8.1,1.6,4.3,550,363,39.7,3.1,579,0,0,2002,0,3,259957,126,0,7,3,3,suppressed,suppressed,suppressed,suppressed,suppressed,suppressed,suppressed,N/A,N/A,N/A,C,7.2,0,N/A,7.6
165,Maple-Prairie Neighborhood Association,No,179.6,765,52.5,1732,6,21.7,3.5,79.6,5.1,6.1,3.1,6.1,743,418,26.9,5.2,833,5,0,1993,2,5,247586,111,3,31,8,7,suppressed,suppressed,suppressed,suppressed,suppressed,suppressed,suppressed,N/A,N/A,N/A,"P,B,G,C",91.9,120,N/A,7
90,Bluff Acres Neighborhood Association,No,441.8,1849,38.5,3725,7.2,18.3,7.7,67.6,9.5,6.5,3.5,12.9,1748,876,20.1,5.3,1934,43,0,1980,2,20,188283,105,13,110,123,67,suppressed,suppressed,suppressed,suppressed,suppressed,suppressed,suppressed,N/A,N/A,N/A,"B,G,C",97.1,511,N/A,6.7
148,Bay Creek Neighborhood Association,No,368.2,1316,44.9,2401,4.8,14.8,11.1,83.6,5,2.7,4.2,4.6,1266,494,15.7,3.2,1401,173,0,1949,1,40,253288,167,10,97,63,60,suppressed,suppressed,suppressed,suppressed,suppressed,suppressed,suppressed,53661,16,2.9,"H,P,B,G,C",98.6,1391,87.3,5.9
164,Westhaven Trails Homeowners Assoc,No,158.4,835,45.7,1956,10,26.5,2.8,66.2,13.3,4.9,4.4,11.3,801,466,33.3,10.3,856,25,0,1990,3,22,207603,120,3,14,21,7,suppressed,suppressed,suppressed,suppressed,suppressed,suppressed,suppressed,N/A,N/A,N/A,C,92.1,288,N/A,6.6
98,Brentwood Village Association,No,103.8,611,37,1128,8.2,20.7,14.9,63.2,20.3,2.4,4.6,9.5,559,257,22.4,12.5,569,27,0,1962,1,22,192454,103,12,21,63,9,suppressed,suppressed,suppressed,suppressed,suppressed,suppressed,suppressed,N/A,N/A,N/A,"P,B",73.7,258,N/A,7.1
104,Burke Heights Neighborhood Association,No,237.5,289,35.4,607,7.5,22.6,13.1,67.3,10.6,2.4,8,11.7,268,127,26.1,11.3,345,11,0,1973,1,13,161971,99,10,118,58,40,suppressed,suppressed,suppressed,suppressed,suppressed,suppressed,suppressed,N/A,N/A,N/A,"B,C",85.1,463,N/A,6.5
353,Twin Oaks Neighborhood Association,No,26.2,56,91,192,10,42.6,0.9,52.3,12.4,10,12,13.3,54,44,57.8,22.6,115,4,0,2005,1,3,185660,125,1,11,9,1,suppressed,suppressed,suppressed,suppressed,suppressed,suppressed,suppressed,N/A,N/A,N/A,C,100,93,N/A,8
153,Burr Oaks Neighborhood Association,No,247.1,768,19.9,1745,9.7,30.4,3.8,20.1,19.1,22.2,4.6,34,645,362,35.3,13.4,762,121,0,1962,1,45,138501,87,24,126,208,73,suppressed,suppressed,suppressed,suppressed,suppressed,suppressed,suppressed,N/A,N/A,N/A,"P,B,G,C",99.6,2076,N/A,6.5
500,Dunn's Marsh Neighborhood Association,No,218.2,1032,27.6,2356,11.6,34.6,4.1,32.1,33.7,5.1,4.9,24.2,891,525,39.6,21.4,1038,353,0,1964,3,86,138197,115,19,107,260,53,suppressed,suppressed,suppressed,suppressed,suppressed,suppressed,suppressed,N/A,N/A,N/A,"B,G,C",100,735,N/A,6.6
167,Country Grove Neighborhood Association,No,130.9,321,96.5,917,6,31.9,5.6,84.7,1.7,6.8,2.2,4.7,319,262,44.8,2.3,305,0,0,1996,1,0,323197,117,2,4,0,0,suppressed,suppressed,suppressed,suppressed,suppressed,suppressed,suppressed,N/A,N/A,N/A,C,54.5,120,N/A,7.4
126,Capitol Neighborhoods,No,456,8003,10.8,13845,0.7,1.4,5.2,82,5.8,5.2,2.7,4.3,7299,742,1.4,0.4,10244,744,65,1979,1,166,277681,165,131,799,1349,371,suppressed,suppressed,suppressed,suppressed,suppressed,suppressed,suppressed,35216,134,2,"P,B,G,C",99.1,5633,68.3,6.7
133,Glen Oak Hills Neighborhood Association,No,137.7,447,78.8,844,5.8,14.9,16.7,87.7,2.7,1.9,2.8,4.8,430,226,18.1,3,449,4,0,1956,0,10,211761,142,1,9,10,6,suppressed,suppressed,suppressed,suppressed,suppressed,suppressed,suppressed,N/A,N/A,N/A,"G,C",100,1915,N/A,5.6
156,Capitol View Neighborhood Association,No,122.2,153,47.5,388,11,29.5,5.9,40.5,14.5,26.7,2.4,15.8,149,77,28.8,5.6,150,3,0,1966,1,4,147989,116,0,5,29,5,suppressed,suppressed,suppressed,suppressed,suppressed,suppressed,suppressed,N/A,N/A,N/A,"P,B,C",91.8,312,N/A,5.1
100,Carpenter-Ridgeway Neighborhood Association,No,646.4,510,42,1016,6.4,16.6,7,66.4,12.1,3.6,3.6,14.2,481,213,18.9,7.1,576,6,0,1986,2,14,149127,102,4,93,49,32,suppressed,suppressed,suppressed,suppressed,suppressed,suppressed,suppressed,N/A,N/A,N/A,"P,B,C",76.4,1702,N/A,6.2
144,Tamarack Trails Community Condominium Association,No,63.8,238,62.8,464,10.5,26.4,25.5,58,23,6,5.6,7.5,224,137,30.1,21.8,320,0,0,1978,0,0,230430,112,0,5,1,2,suppressed,suppressed,suppressed,suppressed,suppressed,suppressed,suppressed,N/A,N/A,N/A,"P,B,C",100,275,N/A,7.8
176,Dudgeon-Monroe Neighborhood Association,No,309.3,1257,73.3,3181,4.7,18.5,9.2,90.8,1.6,2.6,2.2,2.7,1203,704,26.7,3.3,1466,3,322,1931,0,9,358257,211,4,39,6,37,suppressed,suppressed,suppressed,suppressed,suppressed,suppressed,suppressed,97259,13,1.3,"P,B,G,C",95.2,1541,93.1,6
111,Eastmorland Community Association,No,719.7,1623,81.2,3166,6,16.3,14.1,89.6,2.6,1,2.4,4.4,1561,810,19.4,5,1694,15,0,1953,6,86,159007,132,11,153,104,81,suppressed,suppressed,suppressed,suppressed,suppressed,suppressed,suppressed,65000,38,7.3,"P,B,G,C",88.6,3089,96,6.2
124,Stonefield Woods-Ridge Neighborhood Association,No,45.1,101,99.6,235,2.2,18.2,17.5,87.3,2.6,8.6,0.2,1.4,97,82,24.9,2.7,101,0,0,1990,0,3,423600,130,0,12,0,0,suppressed,suppressed,suppressed,suppressed,suppressed,suppressed,suppressed,N/A,N/A,N/A,C,26.5,352,N/A,6.7
105,Eken Park Neighborhood Association,No,226.5,1366,50.4,2505,6.2,15,6.8,78.3,8.9,2,4,6.7,1282,518,16.3,5.5,1378,33,0,1948,7,113,140294,126,14,74,195,57,suppressed,suppressed,suppressed,suppressed,suppressed,suppressed,suppressed,N/A,N/A,N/A,"P,B,C",97.7,2495,N/A,7
121,Elvehjem Neighborhood Association,No,700,1720,79.4,4165,6.3,21.9,15.2,81.8,6.1,2.5,3.6,6.1,1639,1171,27.3,5.6,1735,29,0,1969,3,52,190698,108,9,59,83,38,suppressed,suppressed,suppressed,suppressed,suppressed,suppressed,suppressed,76318,0,6.9,"P,B,C",94.3,331,99,6.4
106,Emerson East Neighborhood Association,No,326.2,1058,54.8,2042,7.3,16.7,5.7,83.9,6.2,1,3.2,5.6,1013,419,19.5,5.6,1068,81,0,1926,2,33,189153,151,20,87,128,51,suppressed,suppressed,suppressed,suppressed,suppressed,suppressed,suppressed,N/A,N/A,N/A,"B,G,C",98.4,2561,N/A,7.9
139,Glendale Neighborhood Association,No,536.5,988,74.5,2233,6.6,19.8,16.4,79.1,5.7,2.9,3.3,9.1,942,593,24.7,6.7,985,12,0,1958,5,55,179538,109,14,99,73,46,suppressed,suppressed,suppressed,suppressed,suppressed,suppressed,suppressed,N/A,N/A,N/A,"P,B,G",83.3,665,N/A,5.3
103,Hawthorne Neighborhood Association,No,253.5,538,55.5,1090,5.6,20.5,8.4,66,10.6,3.8,4.8,14.8,505,252,21.7,8.7,530,16,0,1955,0,37,134266,113,11,61,84,32,suppressed,suppressed,suppressed,suppressed,suppressed,suppressed,suppressed,N/A,N/A,N/A,"P,B,C",65.6,1267,N/A,5.8
141,Greenbush Neighborhood Association,No,178.9,1148,25.5,2878,2.3,5.6,3.1,88.8,1.3,3.2,2.9,3.9,1116,280,9,1.7,1475,3,0,1925,1,39,275235,178,39,108,111,62,suppressed,suppressed,suppressed,suppressed,suppressed,suppressed,suppressed,N/A,N/A,N/A,"H,P,B,G,C",99.3,2226,N/A,6.9
155,Greentree Neighborhood Association,No,299.2,721,79,1841,5.8,22.7,15,76.7,10.9,3.3,3.4,5.7,697,539,29.7,7.8,721,18,0,1967,0,44,235504,101,2,48,31,8,suppressed,suppressed,suppressed,suppressed,suppressed,suppressed,suppressed,N/A,N/A,N/A,"B,G,C",99.7,656,N/A,6.7
107,Hiestand Neighborhood Association,No,406,1473,25.8,3560,8.9,25.2,10.7,58.9,15.2,3.7,4.6,17.7,1422,826,32.3,15.1,1537,225,0,1979,0,38,174596,107,11,87,127,38,suppressed,suppressed,suppressed,suppressed,suppressed,suppressed,suppressed,N/A,N/A,N/A,"B,G,C",90.7,699,N/A,6.1
112,Heritage Heights Community Association,No,412.3,850,94.6,2240,4.9,20.5,15.1,89.9,2.5,1.7,1.8,4,842,691,29,2.8,817,5,0,1975,7,13,208022,105,3,31,20,12,suppressed,suppressed,suppressed,suppressed,suppressed,suppressed,suppressed,N/A,N/A,N/A,"P,B",94.4,236,N/A,6.3
138,"Hill Farms, University Neighborhood Association",No,486,1426,62,2942,4.7,19,20.5,76.4,1.9,15.4,2.7,3.5,1385,790,22.2,3.3,985,4,0,1960,0,19,315778,142,2,29,24,16,suppressed,suppressed,suppressed,suppressed,suppressed,suppressed,suppressed,N/A,N/A,N/A,"P,B,G,C",98.8,1904,N/A,6.7
355,Indian Springs Neighborhood Association,No,72.7,223,88.8,604,7.8,29.2,4.4,63.3,8.4,9.4,2.2,16.7,218,150,39.2,4.8,235,0,0,1991,2,6,184079,118,1,3,6,2,suppressed,suppressed,suppressed,suppressed,suppressed,suppressed,suppressed,N/A,N/A,N/A,None,58.6,0,N/A,7.9
123,Lake Edge Neighborhood Association,No,458.3,1106,82.9,2380,6.1,18,12.9,88.5,2.5,0.5,3.1,5.4,1064,603,21.7,4.3,1165,4,0,1951,6,66,170322,116,6,51,47,37,suppressed,suppressed,suppressed,suppressed,suppressed,suppressed,suppressed,N/A,N/A,N/A,"P,B,G,C",86.8,765,N/A,4.7
91,Lake View Hill Neighborhood Association,No,245.8,514,71.9,1192,5.5,22,12.9,69.4,15.2,3.8,2.7,8.9,482,314,26.1,6.9,518,13,0,1962,1,12,172953,99,4,38,61,14,suppressed,suppressed,suppressed,suppressed,suppressed,suppressed,suppressed,N/A,N/A,N/A,"B,G,C",82.4,504,N/A,6
131,Parkwood Hills Community Association,No,295.9,538,90,1274,3.7,23.5,18.3,87.5,2,5,2.1,3.4,521,390,28.9,1.9,469,0,0,1972,0,3,360434,123,2,58,47,18,suppressed,suppressed,suppressed,suppressed,suppressed,suppressed,suppressed,N/A,N/A,N/A,"P,B,C",95.9,868,N/A,5.7
145,Oakbridge Community Neighborhood Association,No,44,162,73.2,343,5.1,19.7,6.5,81.5,3.7,10.1,1.8,2.9,159,97,26.2,4.1,145,0,0,1984,3,6,242902,125,0,8,2,2,suppressed,suppressed,suppressed,suppressed,suppressed,suppressed,suppressed,N/A,N/A,N/A,"P,B,G",100,140,N/A,5
128,Walnut Grove Homeowners Association,No,152.3,398,87.5,981,5.5,21.3,15.4,80.7,3.4,9.4,1.8,4.6,390,298,28.6,5.1,351,1,0,1977,0,5,297484,114,0,8,12,3,suppressed,suppressed,suppressed,suppressed,suppressed,suppressed,suppressed,N/A,N/A,N/A,C,100,412,N/A,5.3
92,Lerdahl Park Neighborhood Association,No,196.8,454,65.4,925,7.5,16.6,16.4,80.4,8.2,2.5,4.5,4.5,419,263,20.5,7.4,477,7,0,1966,0,25,304600,138,4,35,44,5,suppressed,suppressed,suppressed,suppressed,suppressed,suppressed,suppressed,N/A,N/A,N/A,C,80.8,258,N/A,6.2
169,Orchard Ridge Neighborhood Association,No,562.2,1082,75.9,2262,5,17.4,21.3,87.6,3.5,3,2.3,3.5,1036,641,21,3.8,1080,10,0,1964,5,18,223551,106,10,85,44,38,suppressed,suppressed,suppressed,suppressed,suppressed,suppressed,suppressed,N/A,N/A,N/A,"P,B,G,C",98.7,1304,N/A,7
114,Marquette Neighborhood Association,No,453.1,2627,37.6,4909,4.1,12.8,4.7,88.8,3.1,1.8,3.1,3.3,2517,865,15.4,4.5,2813,194,0,1917,1,123,346120,209,17,144,162,130,suppressed,suppressed,suppressed,suppressed,suppressed,suppressed,suppressed,N/A,N/A,N/A,"P,B,G,C",100,2400,N/A,7
159,Meadowood Neighborhood Association,No,373.7,1250,70.5,2962,7.9,25.3,12.6,68.6,13.7,3.9,3.7,10.2,1187,804,29.7,8.7,1287,48,0,1964,2,59,175583,105,13,143,242,20,suppressed,suppressed,suppressed,suppressed,suppressed,suppressed,suppressed,N/A,N/A,N/A,"P,B,C",97.5,838,N/A,6.9
146,Midvale Heights Community Association,No,857.2,1569,84.6,3479,5.6,20.1,18.3,83.6,2.9,5.6,2.6,5.3,1518,996,25,3.9,1633,6,0,1958,1,20,255735,135,6,67,34,47,suppressed,suppressed,suppressed,suppressed,suppressed,suppressed,suppressed,82206,25,7.1,"P,B,G,C",88.6,3266,96.6,6.6
150,Nakoma League,No,251.3,708,97.2,1778,6.9,25.6,14.3,93.8,0.8,1.4,1.6,2.5,687,537,36.8,3.7,715,0,0,1938,0,3,457167,193,1,30,4,14,suppressed,suppressed,suppressed,suppressed,suppressed,suppressed,suppressed,N/A,N/A,N/A,"P,G,C",99.3,993,N/A,6.5
87,North Lake Mendota Neighborhood Association,No,331.9,251,90.1,898,5.6,15.1,8.8,86.3,5.3,4.2,2.5,1.6,244,176,27.2,4.4,274,1,0,1992,0,17,253499,121,1,11,5,5,suppressed,suppressed,suppressed,suppressed,suppressed,suppressed,suppressed,N/A,N/A,N/A,None,55.2,258,N/A,6.7
136,Regent Neighborhood Association,No,519.7,2924,40.8,6421,3.4,12.6,6.3,85.3,1.2,8.5,2.4,2.6,2863,1019,15.6,2,3180,1,46,1937,2,54,443589,212,10,135,83,67,suppressed,suppressed,suppressed,suppressed,suppressed,suppressed,suppressed,56156,57,2.4,"H,P,B,G,C",99.7,4340,83.2,6.5
120,Richmond Hill Homeowners Association,No,63.6,144,89.5,395,4.6,26.3,11.1,85.3,5.3,3.6,1.8,3.9,142,113,39.1,4.2,139,0,0,1997,0,0,337430,109,0,1,1,1,suppressed,suppressed,suppressed,suppressed,suppressed,suppressed,suppressed,N/A,N/A,N/A,"B,G",45.4,80,N/A,8
113,Rolling Meadows Neighborhood Association,No,332.5,1004,80.9,2366,6.7,20.7,15,84.1,5.5,1.5,2.8,6.1,975,652,26.8,7.8,1050,31,0,1966,4,35,171893,110,6,45,31,22,suppressed,suppressed,suppressed,suppressed,suppressed,suppressed,suppressed,N/A,N/A,N/A,"P,B,G,C",99.1,406,N/A,5.9
101,Ridgewood Neighborhood Association,No,410.5,1549,53.4,3992,9.3,27,3.8,57.5,15.5,12.1,4.9,9.9,1497,937,35,10.5,1740,124,0,1995,6,50,216505,111,13,89,60,26,suppressed,suppressed,suppressed,suppressed,suppressed,suppressed,suppressed,N/A,N/A,N/A,C,69.4,463,N/A,7.1
97,Sherman Neighborhood Association,No,409.9,1391,57.9,2695,7.8,19.4,11.3,72.4,13,4.5,3.5,6.6,1321,610,20.4,9.4,1389,164,0,1954,2,86,154508,119,32,142,185,84,suppressed,suppressed,suppressed,suppressed,suppressed,suppressed,suppressed,N/A,N/A,N/A,"P,B,G,C",100,3162,N/A,6.8
85,Sherman Village Neighborhood Association,No,311.8,1016,90.2,2283,6,19.8,19.3,82.2,5.5,3,2.9,6.3,979,613,21.3,3.7,1026,7,0,1966,4,32,160503,108,2,39,35,9,suppressed,suppressed,suppressed,suppressed,suppressed,suppressed,suppressed,N/A,N/A,N/A,None,98.5,246,N/A,6.9
147,Westmorland Neighborhood Association,No,342.6,1031,87.4,2207,6.2,22.2,15,91.7,0.5,3.9,2.2,1.7,972,594,28.9,4.6,1094,1,0,1951,1,3,280289,158,1,36,12,14,suppressed,suppressed,suppressed,suppressed,suppressed,suppressed,suppressed,82079,0,3.9,"P,C",99.5,1407,94.5,5.9
142,Faircrest Neighborhood Association,No,206.2,558,56.9,1191,3.5,19.5,15.7,80.2,2.5,10.6,2.9,3.8,543,317,25.2,3.7,562,3,0,1965,1,2,320705,124,0,18,9,10,suppressed,suppressed,suppressed,suppressed,suppressed,suppressed,suppressed,N/A,N/A,N/A,"P,B,C",96.2,578,N/A,6.2
117,Spring Harbor Neighborhood Association,No,372.6,1163,69.4,2224,6.4,17.4,12.2,78,5.2,5,3.4,8.4,1087,554,20.7,4.6,1252,80,0,1959,3,10,353821,180,3,38,45,19,suppressed,suppressed,suppressed,suppressed,suppressed,suppressed,suppressed,N/A,N/A,N/A,"B,G,C",91.2,999,N/A,4.4
181,Monona Bay Neighborhood Association,No,85.4,653,9.5,1138,4.5,14.7,7.5,53.3,9.8,25.5,2.6,8.7,627,162,11.3,3.8,808,438,0,1976,0,7,295102,185,11,44,68,41,suppressed,suppressed,suppressed,suppressed,suppressed,suppressed,suppressed,29083,15,19.8,"H,P,B,G",93.8,2226,72.8,6.9
140,Vilas Neighborhood Association,No,195.4,724,48.3,1881,3.2,13.4,6.6,90.8,1,3.5,2,2.8,705,321,20.1,2,744,0,7,1921,0,6,496125,215,4,52,38,30,suppressed,suppressed,suppressed,suppressed,suppressed,suppressed,suppressed,N/A,N/A,N/A,"H,P,B,G,C",57,1321,N/A,6.6
115,Tenney-Lapham Neighborhood Association,No,306.1,2232,29.5,4149,2.9,9.5,3.4,87.1,4.3,2,2.6,4.1,2113,541,9.8,2.5,2876,155,0,1925,0,112,329380,189,14,149,103,77,suppressed,suppressed,suppressed,suppressed,suppressed,suppressed,suppressed,50709,60,5.3,"B,G,C",100,2680,89.7,7.5
118,Wexford Village Homeowners Association,No,407.6,1231,60.7,2506,4.8,19.7,15.6,84.3,1.6,8.1,2.7,3.3,1164,658,22.5,1.8,1155,181,0,1992,1,1,318482,125,0,40,15,11,suppressed,suppressed,suppressed,suppressed,suppressed,suppressed,suppressed,N/A,N/A,N/A,"B,C",75.7,352,N/A,6.6
108,Worthington Park Neighborhood Association,No,47.7,288,22.8,701,11.5,38.6,2.5,30.7,47,9.2,3.6,9.5,247,156,45.8,30.1,285,52,0,1960,0,13,140164,133,8,33,81,7,suppressed,suppressed,suppressed,suppressed,suppressed,suppressed,suppressed,N/A,N/A,N/A,"P,C",98.4,1183,N/A,5.1
135,Junction Ridge Neighborhood Association,No,458.8,976,38.6,1628,3.7,10.5,30.9,80.6,1.5,13.2,1.5,3.2,904,347,10.3,2.1,1359,0,0,2000,2,3,271310,123,3,60,28,51,suppressed,suppressed,suppressed,suppressed,suppressed,suppressed,suppressed,N/A,N/A,N/A,"P,B,G",66,657,N/A,6.8
125,Blackhawk Homeowners Association,No,300.5,961,51.3,2168,6.6,29.3,5.3,83.4,1.5,10.5,2.6,2,879,551,37.4,5.1,1303,0,0,2001,0,3,559197,136,0,8,3,3,suppressed,suppressed,suppressed,suppressed,suppressed,suppressed,suppressed,N/A,N/A,N/A,None,5.1,0,N/A,6.9
170,Stone Meadows Neighborhood Association,No,352.7,1175,89.1,3118,12.4,27.4,6.3,78.8,3.7,9.7,2.5,5.4,1134,795,42.9,4.4,1215,0,0,2000,4,18,236474,128,6,42,11,10,suppressed,suppressed,suppressed,suppressed,suppressed,suppressed,suppressed,N/A,N/A,N/A,"P,B,G,C",62.2,135,N/A,7.3
160,Prairie Hills Neighborhood Association,No,332.8,1306,54.4,3350,8.2,30.1,6.3,57.2,21.9,6,4.5,10.4,1236,817,34.4,13.9,1351,121,0,1977,3,98,189544,102,23,102,150,34,suppressed,suppressed,suppressed,suppressed,suppressed,suppressed,suppressed,N/A,N/A,N/A,"B,C",100,569,N/A,6.4
110,McClellan Park Neighborhood Association,No,554.2,1025,64.5,2230,9,22.3,21,81.7,6.8,3.9,3.7,4,921,518,27.5,5.2,1741,5,0,2007,2,3,247002,124,4,58,16,22,suppressed,suppressed,suppressed,suppressed,suppressed,suppressed,suppressed,N/A,N/A,N/A,"B,G,C",73.1,75,N/A,7.4
109,Sprecher East Neighborhood Association,Yes,717.6,980,68.5,2233,8.7,23.6,6.1,86.4,4.4,3,2.8,3.4,942,594,31.1,5.7,1323,2,0,2004,4,6,239376,121,2,14,16,12,suppressed,suppressed,suppressed,suppressed,suppressed,suppressed,suppressed,72426,28,2.4,"B,C",57.1,75,98.9,7.5
349,Majestic Oaks Neighborhood Association,No,82.5,334,94.8,467,3.8,8.8,23.2,86.7,2,1.9,3.4,6,309,87,8.2,4.7,301,0,0,1935,0,1,N/A,N/A,1,20,42,5,suppressed,suppressed,suppressed,suppressed,suppressed,suppressed,suppressed,N/A,N/A,N/A,"P,B,C",99.4,226,N/A,4.1
149,Waunona Neighborhood Association,No,191.8,499,62.5,1027,6.4,20.8,14.5,71,11.4,5,2.6,10,466,266,22.9,7.6,354,13,0,1959,0,9,364790,173,2,26,18,4,suppressed,suppressed,suppressed,suppressed,suppressed,suppressed,suppressed,N/A,N/A,N/A,"B,G,C",68.9,417,N/A,7.5
182,Schenk-Atwood-Starkweather-Yahara Neighborhood Association,No,570.3,3117,51.4,5773,4.9,15.6,6.2,88,3.7,1.6,2.9,3.8,2996,1189,17.7,4.3,3285,23,0,1925,2,100,241485,179,25,203,277,113,suppressed,suppressed,suppressed,suppressed,suppressed,suppressed,suppressed,N/A,N/A,N/A,"P,B,G,C",99.5,3161,N/A,6.3
178,Leopold Neighborhood Association,No,121.7,553,29,1106,10.3,27.1,5.3,45,24.5,6.5,4.2,19.7,499,243,29.3,17.1,546,156,0,1981,2,40,N/A,N/A,9,33,67,16,suppressed,suppressed,suppressed,suppressed,suppressed,suppressed,suppressed,N/A,N/A,N/A,"P,B,G,C",100,446,N/A,7.4
162,Highland Manor Home Owners Association,No,78.3,157,92.2,344,5.8,20,16.5,61.5,2.4,1.2,3.7,31.2,151,80,21.5,4.3,363,1,0,1971,1,1,N/A,N/A,0,7,1,4,suppressed,suppressed,suppressed,suppressed,suppressed,suppressed,suppressed,N/A,N/A,N/A,None,48.7,317,N/A,8
116,University Apartments Assembly,No,183.8,1174,0.7,2643,13.6,26.8,0.5,29.9,5.4,52.9,4.8,6.9,1120,676,39.8,7.7,52,1,1188,1963,0,0,N/A,N/A,0,1,0,0,suppressed,suppressed,suppressed,suppressed,suppressed,suppressed,suppressed,N/A,N/A,N/A,"G,C",92.9,1042,N/A,4
350,Marbella Condominium Association,No,20.1,349,24.4,463,4.8,10.1,23,78.8,2.9,14.6,1.3,2.4,292,94,11.1,3.8,318,0,0,1996,1,0,N/A,N/A,0,7,2,0,suppressed,suppressed,suppressed,suppressed,suppressed,suppressed,suppressed,N/A,N/A,N/A,"P,B",100,516,N/A,7.1
143,Wexford Ridge Neighborhood,No,20.8,178,25.8,400,18.6,39.9,10.7,27.3,43.9,6.5,9,13.3,175,117,51.9,43.9,468,246,0,1976,0,0,N/A,N/A,3,28,43,7,suppressed,suppressed,suppressed,suppressed,suppressed,suppressed,suppressed,N/A,N/A,N/A,C,100,155,N/A,7.7
88,High Crossing Neighborhood Association,No,724.6,615,31.1,1020,5.8,14.8,11.9,75.5,12.3,5.9,2,4.3,542,190,15.2,7.3,663,83,0,2003,2,4,N/A,N/A,8,48,32,16,suppressed,suppressed,suppressed,suppressed,suppressed,suppressed,suppressed,N/A,N/A,N/A,"P,B",49.7,221,N/A,6.1
348,State-Langdon Neighborhood Association,No,151.6,3313,0.3,10144,0.2,0.3,0.2,78.9,2.4,11.8,2.6,4.3,3151,95,0.3,0.1,4104,2,2426,1967,0,34,N/A,N/A,80,409,621,98,suppressed,suppressed,suppressed,suppressed,suppressed,suppressed,suppressed,10462,83,7.6,"H,P,B,G",100,7363,39,7.6